Date,Open,High,Low,Close,Adj Close,Volume,Change,% Return
2020-10-30,27.799999237060547,28.59000015258789,27.65999984741211,28.56999969482422,28.56999969482422,12162900,0.7700004577636719,2.7697858953074146
2020-10-29,27.65999984741211,28.299999237060547,27.520000457763672,28.1299991607666,28.1299991607666,7449700,0.4699993133544922,1.6992021545454408
2020-10-28,27.5,28.170000076293945,27.399999618530273,27.799999237060547,27.799999237060547,12407000,0.2999992370605469,1.0909063165838067
2020-10-27,28.559999465942383,28.639999389648438,28.059999465942383,28.209999084472656,28.209999084472656,8316700,-0.35000038146972656,-1.2254915546728207
2020-10-26,28.639999389648438,28.940000534057617,28.290000915527344,28.75,28.75,7403400,0.1100006103515625,0.3840803515914907
2020-10-23,29.299999237060547,29.5,28.700000762939453,29.280000686645508,29.280000686645508,5877800,-0.019998550415039062,-0.06825444005385363
2020-10-22,28.700000762939453,29.5,28.600000381469727,29.100000381469727,29.100000381469727,9179000,0.39999961853027344,1.3937268567839072
2020-10-21,27.459999084472656,28.56999969482422,27.100000381469727,28.469999313354492,28.469999313354492,9283100,1.010000228881836,3.678078159343216
2020-10-20,27.420000076293945,27.770000457763672,27.110000610351562,27.459999084472656,27.459999084472656,9204100,0.03999900817871094,0.1458753029446277
2020-10-19,28.149999618530273,28.170000076293945,27.010000228881836,27.1299991607666,27.1299991607666,15514800,-1.0200004577636719,-3.623447501193702
2020-10-16,27.969999313354492,28.020000457763672,27.43000030517578,27.940000534057617,27.940000534057617,7503700,-0.029998779296875,-0.10725341449169021
2020-10-15,27.469999313354492,27.8700008392334,27.219999313354492,27.829999923706055,27.829999923706055,6884900,0.3600006103515625,1.3105228225344325
2020-10-14,27.5,27.790000915527344,27.200000762939453,27.34000015258789,27.34000015258789,7127200,-0.15999984741210938,-0.581817626953125
2020-10-13,27.729999542236328,28.18000030517578,27.09000015258789,27.450000762939453,27.450000762939453,13413100,-0.279998779296875,-1.0097323617708724
2020-10-12,28.829999923706055,28.969999313354492,28.270000457763672,28.329999923706055,28.329999923706055,6608200,-0.5,-1.7343045484674622
2020-10-09,29.889999389648438,30.079999923706055,28.899999618530273,28.920000076293945,28.920000076293945,5729600,-0.9699993133544922,-3.245230288262984
2020-10-08,29.049999237060547,29.68000030517578,28.739999771118164,29.610000610351562,29.610000610351562,9561800,0.5600013732910156,1.927715621336725
2020-10-07,28.950000762939453,29.110000610351562,28.639999389648438,28.850000381469727,28.850000381469727,4870500,-0.10000038146972656,-0.34542445193211446
2020-10-06,28.75,29.489999771118164,28.43000030517578,28.450000762939453,28.450000762939453,8724400,-0.2999992370605469,-1.0434756071671194
2020-10-05,28.100000381469727,28.6299991607666,28.059999465942383,28.389999389648438,28.389999389648438,5874900,0.28999900817871094,1.0320249261275738
2020-10-02,27.149999618530273,28.3700008392334,26.989999771118164,27.969999313354492,27.969999313354492,9109000,0.8199996948242188,3.0202567452876017
2020-10-01,28.15999984741211,28.15999984741211,27.030000686645508,27.68000030517578,27.68000030517578,13944100,-0.4799995422363281,-1.7045438382004816
2020-09-30,29.149999618530273,29.510000228881836,27.8799991607666,28.010000228881836,28.010000228881836,9320200,-1.1399993896484375,-3.9108041323052194
2020-09-29,29.649999618530273,29.90999984741211,28.899999618530273,28.959999084472656,28.959999084472656,11466500,-0.6900005340576172,-2.3271519154637343
2020-09-28,29.989999771118164,30.190000534057617,29.56999969482422,29.84000015258789,29.84000015258789,9323400,-0.14999961853027344,-0.5001654540682271
2020-09-25,28.860000610351562,29.59000015258789,28.84000015258789,29.530000686645508,29.530000686645508,9418000,0.6700000762939453,2.3215525368132814
2020-09-24,28.56999969482422,29.5,28.110000610351562,29.149999618530273,29.149999618530273,13542900,0.5799999237060547,2.0301012597179984
2020-09-23,29.719999313354492,30.010000228881836,28.639999389648438,28.81999969482422,28.81999969482422,9744900,-0.8999996185302734,-3.028262581842875
2020-09-22,29.229999542236328,29.829999923706055,28.969999313354492,29.40999984741211,29.40999984741211,8809900,0.18000030517578125,0.6158067327906971
2020-09-21,29.510000228881836,29.719999313354492,28.770000457763672,28.989999771118164,28.989999771118164,13916800,-0.5200004577636719,-1.7621160749932505
2020-09-18,30.110000610351562,30.479999542236328,29.899999618530273,30.15999984741211,30.15999984741211,13423200,0.049999237060546875,0.1660552509034409
2020-09-17,30.260000228881836,30.809999465942383,29.899999618530273,30.260000228881836,30.260000228881836,11887700,0.0,0.0
2020-09-16,30.3799991607666,31.399999618530273,29.93000030517578,30.68000030517578,30.68000030517578,9539800,0.3000011444091797,0.9874955651631742
2020-09-15,30.079999923706055,30.84000015258789,29.8700008392334,30.1299991607666,30.1299991607666,11208100,0.049999237060546875,0.16622086830905364
2020-09-14,29.3700008392334,30.040000915527344,29.200000762939453,29.729999542236328,29.729999542236328,10250000,0.3599987030029297,1.2257361004975926
2020-09-11,29.360000610351562,29.809999465942383,29.040000915527344,29.280000686645508,29.040000915527344,12297200,-0.07999992370605469,-0.2724792985114885
2020-09-10,28.81999969482422,29.600000381469727,28.739999771118164,29.299999237060547,29.05983543395996,9877300,0.4799995422363281,1.6655084917385727
2020-09-09,28.809999465942383,29.040000915527344,28.190000534057617,28.709999084472656,28.474672317504883,7759900,-0.10000038146972656,-0.34710303132057185
2020-09-08,28.469999313354492,29.100000381469727,28.229999542236328,28.709999084472656,28.474672317504883,14509200,0.23999977111816406,0.8429918402055836
2020-09-04,28.450000762939453,28.860000610351562,27.979999542236328,28.75,28.514345169067383,9383200,0.2999992370605469,1.0544788366098834
2020-09-03,28.389999389648438,29.020000457763672,27.8799991607666,28.25,28.018442153930664,8722900,-0.1399993896484375,-0.4931292450097201
2020-09-02,27.6299991607666,28.420000076293945,27.399999618530273,28.309999465942383,28.077951431274414,6820100,0.6800003051757812,2.461094194100998
2020-09-01,27.639999389648438,27.899999618530273,27.190000534057617,27.700000762939453,27.472951889038086,5178700,0.060001373291015625,0.21708167371916431
2020-08-31,27.81999969482422,28.25,27.68000030517578,27.850000381469727,27.621721267700195,6894500,0.030000686645507812,0.10783855849965843
2020-08-28,28.489999771118164,28.489999771118164,27.920000076293945,27.989999771118164,27.760574340820312,6122600,-0.5,-1.7550017691010187
2020-08-27,28.239999771118164,28.809999465942383,27.760000228881836,28.270000457763672,28.038278579711914,10530100,0.030000686645507812,0.10623472694284634
2020-08-26,27.489999771118164,27.989999771118164,27.170000076293945,27.889999389648438,27.661392211914062,7095000,0.39999961853027344,1.4550731970195405
2020-08-25,27.780000686645508,28.0,27.18000030517578,27.56999969482422,27.344017028808594,5039500,-0.21000099182128906,-0.7559430764241897
2020-08-24,26.549999237060547,27.670000076293945,26.450000762939453,27.639999389648438,27.413442611694336,6777600,1.0900001525878906,4.105462086290323
2020-08-21,26.700000762939453,26.889999389648438,26.290000915527344,26.510000228881836,26.292705535888672,4982200,-0.1900005340576172,-0.711612466773202
2020-08-20,27.0,27.0,26.34000015258789,26.690000534057617,26.471229553222656,10627200,-0.3099994659423828,-1.1481461701569733
2020-08-19,27.1299991607666,27.40999984741211,26.709999084472656,27.31999969482422,27.096065521240234,7598900,0.1900005340576172,0.7003337262626307
2020-08-18,27.209999084472656,28.100000381469727,26.5,26.969999313354492,26.748933792114258,6345000,-0.23999977111816406,-0.882027854440905
2020-08-17,27.5,27.6299991607666,26.6299991607666,27.229999542236328,27.006803512573242,10933900,-0.2700004577636719,-0.9818198464133523
2020-08-14,26.670000076293945,28.239999771118164,26.549999237060547,27.459999084472656,27.23491668701172,16534200,0.7899990081787109,2.96212600644465
2020-08-13,25.920000076293945,26.969999313354492,25.610000610351562,26.690000534057617,26.471229553222656,8121500,0.7700004577636719,2.9706807696652096
2020-08-12,27.209999084472656,27.309999465942383,25.899999618530273,26.239999771118164,26.024917602539062,11406600,-0.9699993133544922,-3.5648634545821087
2020-08-11,26.770000457763672,27.799999237060547,26.15999984741211,26.510000228881836,26.292705535888672,12788300,-0.26000022888183594,-0.9712372971081974
2020-08-10,26.149999618530273,26.780000686645508,25.8700008392334,26.309999465942383,26.094343185424805,12312700,0.15999984741210938,0.6118541099279066
2020-08-07,26.600000381469727,26.8799991607666,25.65999984741211,26.209999084472656,25.995162963867188,11785300,-0.3900012969970703,-1.4661702684363707
2020-08-06,26.600000381469727,27.56999969482422,25.90999984741211,26.889999389648438,26.66958999633789,17381600,0.28999900817871094,1.0902218196234765
2020-08-05,26.75,26.770000457763672,25.959999084472656,26.0,25.78688621520996,9751400,-0.75,-2.803738317757009
2020-08-04,25.84000015258789,26.690000534057617,25.610000610351562,26.549999237060547,26.33237648010254,8889400,0.7099990844726562,2.747674459288072
2020-08-03,26.06999969482422,26.1299991607666,25.34000015258789,25.709999084472656,25.4992618560791,7970200,-0.3600006103515625,-1.380899940796834
2020-07-31,25.68000030517578,26.18000030517578,25.34000015258789,26.06999969482422,25.856311798095703,8448100,0.3899993896484375,1.518689193978839
2020-07-30,24.639999389648438,26.049999237060547,24.440000534057617,25.809999465942383,25.59844207763672,7469000,1.1700000762939453,4.748377050632057
2020-07-29,24.649999618530273,25.459999084472656,24.270000457763672,25.290000915527344,25.082706451416016,6711300,0.6400012969970703,2.596354186212477
2020-07-28,24.469999313354492,24.959999084472656,24.34000015258789,24.520000457763672,24.31901741027832,4636000,0.05000114440917969,0.20433651741825581
2020-07-27,24.670000076293945,24.8799991607666,24.110000610351562,24.829999923706055,24.626476287841797,6861000,0.15999984741210938,0.64856038474786
2020-07-24,24.979999542236328,25.479999542236328,24.440000534057617,24.75,24.547130584716797,8646500,-0.22999954223632812,-0.9207347736233684
2020-07-23,24.81999969482422,25.270000457763672,24.639999389648438,25.1299991607666,24.924015045166016,8436100,0.3099994659423828,1.2489906114182099
2020-07-22,24.329999923706055,24.959999084472656,24.1200008392334,24.860000610351562,24.656230926513672,6607900,0.5300006866455078,2.1783834291306308
2020-07-21,24.489999771118164,25.079999923706055,24.40999984741211,24.520000457763672,24.31901741027832,7934700,0.030000686645507812,0.1225017840991921
2020-07-20,25.280000686645508,25.290000915527344,24.239999771118164,24.469999313354492,24.269426345825195,8481800,-0.8100013732910156,-3.204119269343649
2020-07-17,25.459999084472656,25.600000381469727,24.729999542236328,25.190000534057617,24.9835262298584,16381900,-0.26999855041503906,-1.06048138304806
2020-07-16,24.579999923706055,25.600000381469727,24.389999389648438,25.5,25.290983200073242,8514300,0.9200000762939453,3.742880712569311
2020-07-15,24.719999313354492,25.34000015258789,24.329999923706055,24.950000762939453,24.745492935180664,11980100,0.23000144958496094,0.9304266018353293
2020-07-14,23.510000228881836,24.329999923706055,23.15999984741211,24.25,24.05122947692871,8983700,0.7399997711181641,3.147595763138618
2020-07-13,23.31999969482422,24.09000015258789,22.540000915527344,23.709999084472656,23.515655517578125,14111300,0.3899993896484375,1.6723816241515488
2020-07-10,22.020000457763672,22.950000762939453,21.829999923706055,22.93000030517578,22.742050170898438,6351900,0.9099998474121094,4.1326059423003665
2020-07-09,22.899999618530273,22.90999984741211,21.670000076293945,22.100000381469727,21.918853759765625,13176200,-0.7999992370605469,-3.4934465082401207
2020-07-08,22.790000915527344,22.989999771118164,22.209999084472656,22.920000076293945,22.732131958007812,9759000,0.12999916076660156,0.5704219198957127
2020-07-07,23.5,23.510000228881836,22.68000030517578,22.950000762939453,22.761886596679688,8823200,-0.5499992370605469,-2.340422285364029
2020-07-06,23.790000915527344,23.940000534057617,23.280000686645508,23.690000534057617,23.495820999145508,9234300,-0.10000038146972656,-0.4203462699509942
2020-07-02,24.0,24.18000030517578,23.110000610351562,23.25,23.05942726135254,9947300,-0.75,-3.125
2020-07-01,23.329999923706055,24.1200008392334,23.09000015258789,23.600000381469727,23.406557083129883,8771700,0.2700004577636719,1.1573101527930967
2020-06-30,23.239999771118164,23.450000762939453,22.530000686645508,23.31999969482422,23.12885284423828,9886200,0.07999992370605469,0.34423375427686415
2020-06-29,22.389999389648438,23.389999389648438,21.8799991607666,23.049999237060547,22.861064910888672,10918600,0.6599998474121094,2.9477439276628425
2020-06-26,22.770000457763672,23.09000015258789,22.020000457763672,22.31999969482422,22.137048721313477,17517300,-0.4500007629394531,-1.9762878958837289
2020-06-25,22.969999313354492,23.170000076293945,22.260000228881836,22.969999313354492,22.781721115112305,14766600,0.0,0.0
2020-06-24,23.15999984741211,23.739999771118164,22.110000610351562,23.579999923706055,23.386720657348633,16923900,0.4200000762939453,1.8134718439597746
2020-06-23,23.829999923706055,24.149999618530273,23.520000457763672,23.709999084472656,23.515655517578125,10519600,-0.12000083923339844,-0.5035704558018976
2020-06-04,22.670000076293945,24.3700008392334,22.450000762939453,24.1200008392334,23.92229652404785,12636000,1.4500007629394531,6.39612156179797
2020-06-03,22.270000457763672,23.059999465942383,22.139999389648438,22.719999313354492,22.533769607543945,8816900,0.4499988555908203,2.020650410152747
2020-06-02,21.739999771118164,21.8799991607666,21.360000610351562,21.84000015258789,21.66098403930664,9835800,0.10000038146972656,0.4599833602692959
2020-06-01,20.649999618530273,21.81999969482422,20.56999969482422,21.530000686645508,21.353525161743164,7165100,0.8800010681152344,4.2615064618479
2020-05-29,20.739999771118164,21.049999237060547,20.31999969482422,20.739999771118164,20.56999969482422,15554500,0.0,0.0
2020-05-28,21.959999084472656,22.09000015258789,21.1200008392334,21.200000762939453,21.026229858398438,11246700,-0.7599983215332031,-3.4608303880603444
2020-05-27,21.149999618530273,22.3799991607666,20.940000534057617,22.010000228881836,21.82958984375,16083200,0.8600006103515625,4.066196812590413
2020-05-26,20.350000381469727,20.559999465942383,19.799999237060547,20.3700008392334,20.203033447265625,16650200,0.020000457763671875,0.0982823458906854
2020-05-22,19.90999984741211,20.059999465942383,19.100000381469727,19.59000015258789,19.429426193237305,10553700,-0.31999969482421875,-1.6072310260002947
2020-05-21,19.5,20.190000534057617,19.399999618530273,19.84000015258789,19.677377700805664,13246700,0.3400001525878906,1.7435905260917466
2020-05-20,20.3700008392334,20.68000030517578,19.479999542236328,19.6299991607666,19.469097137451172,15998400,-0.7400016784667969,-3.632801413741355
2020-05-19,19.170000076293945,20.280000686645508,18.65999984741211,19.639999389648438,19.479015350341797,15382600,0.4699993133544922,2.451743930537089
2020-05-18,18.360000610351562,19.299999237060547,18.209999084472656,19.049999237060547,18.89385223388672,17621800,0.6899986267089844,3.7581623299073086
2020-05-15,16.729999542236328,17.34000015258789,16.579999923706055,17.299999237060547,17.15819549560547,11608400,0.5699996948242188,3.407051466948372
2020-05-14,16.40999984741211,17.200000762939453,16.049999237060547,17.15999984741211,17.019344329833984,10219600,0.75,4.570383954746206
2020-05-13,18.06999969482422,18.100000381469727,16.31999969482422,16.850000381469727,16.711885452270508,18874700,-1.2199993133544922,-6.7515181735389636
2020-05-12,18.149999618530273,18.59000015258789,17.729999542236328,18.25,18.10041046142578,12306900,0.10000038146972656,0.5509663006694006
2020-05-11,18.440000534057617,18.479999542236328,17.3700008392334,18.040000915527344,17.892131805419922,13540100,-0.39999961853027344,-2.169195265431241
2020-05-08,16.81999969482422,18.219999313354492,16.600000381469727,18.079999923706055,17.93180274963379,17215200,1.260000228881836,7.4910835418716335
2020-05-07,16.790000915527344,17.520000457763672,16.219999313354492,16.420000076293945,16.285409927368164,29842000,-0.37000083923339844,-2.2036975524594684
2020-05-06,15.40999984741211,15.680000305175781,14.789999961853027,14.880000114440918,14.75803279876709,12620600,-0.5299997329711914,-3.4393234147902816
2020-05-05,16.280000686645508,16.350000381469727,15.199999809265137,15.260000228881836,15.134918212890625,10932900,-1.0200004577636719,-6.265358812916874
2020-05-04,16.229999542236328,16.6299991607666,15.6899995803833,16.100000381469727,15.968033790588379,12886600,-0.12999916076660156,-0.8009806804263717
2020-05-01,16.790000915527344,16.809999465942383,15.899999618530273,16.459999084472656,16.32508087158203,11221300,-0.3300018310546875,-1.965466426803484
2020-04-30,18.200000762939453,18.459999084472656,17.09000015258789,17.260000228881836,17.1185245513916,15791500,-0.9400005340576172,-5.164837882708963
2020-04-29,18.049999237060547,19.5,18.010000228881836,18.989999771118164,18.8343448638916,15216500,0.9400005340576172,5.2077594115771095
2020-04-28,17.549999237060547,18.049999237060547,16.989999771118164,17.450000762939453,17.306968688964844,10883200,-0.09999847412109375,-0.569791900104051
2020-04-27,15.720000267028809,17.09000015258789,15.720000267028809,16.979999542236328,16.8408203125,9611400,1.2599992752075195,8.01526242878155
2020-04-24,15.5600004196167,15.880000114440918,15.170000076293945,15.630000114440918,15.501885414123535,11015400,0.06999969482421875,0.4498694918797637
2020-04-23,14.949999809265137,15.890000343322754,14.65999984741211,15.520000457763672,15.39278793334961,10601200,0.5700006484985352,3.812713416526481
2020-04-22,15.529999732971191,15.6899995803833,14.890000343322754,14.930000305175781,14.807623863220215,8514400,-0.5999994277954102,-3.8634864012365218
2020-04-21,15.15999984741211,15.5,14.859999656677246,15.149999618530273,15.025819778442383,7964100,-0.010000228881835938,-0.06596457112460347
2020-04-20,15.109999656677246,16.010000228881836,14.850000381469727,15.520000457763672,15.39278793334961,7836200,0.4100008010864258,2.7134401747338406
2020-04-17,15.34000015258789,15.84000015258789,15.199999809265137,15.800000190734863,15.670492172241211,9142500,0.46000003814697266,2.9986964378834746
2020-04-16,15.149999618530273,15.15999984741211,14.390000343322754,14.630000114440918,14.510082244873047,11751000,-0.5199995040893555,-3.432340047410519
2020-04-15,15.569999694824219,15.75,15.0,15.199999809265137,15.075409889221191,11604500,-0.36999988555908203,-2.3763641156786757
2020-04-14,16.40999984741211,16.6299991607666,15.369999885559082,16.270000457763672,16.136640548706055,14021400,-0.1399993896484375,-0.8531346188313079
2020-04-13,16.75,16.860000610351562,15.640000343322754,16.059999465942383,15.928359985351562,11912800,-0.6900005340576172,-4.119406173478311
2020-04-09,16.719999313354492,17.139999389648438,16.09000015258789,16.559999465942383,16.42426109313965,15991700,-0.15999984741210938,-0.9569369257348911
2020-04-08,15.130000114440918,16.15999984741211,14.819999694824219,15.800000190734863,15.670492172241211,16587800,0.6700000762939453,4.428288639961475
2020-04-07,14.739999771118164,16.670000076293945,14.619999885559082,14.6899995803833,14.569589614868164,20200900,-0.05000019073486328,-0.33921432504249155
2020-04-06,13.119999885559082,14.170000076293945,12.9399995803833,13.9399995803833,13.825736999511719,17272700,0.8199996948242188,6.249997728481505
2020-04-03,12.6899995803833,13.119999885559082,11.920000076293945,12.430000305175781,12.328115463256836,12254700,-0.25999927520751953,-2.0488517242304454
2020-04-02,12.75,13.9399995803833,12.520000457763672,12.760000228881836,12.655409812927246,13340000,0.010000228881835938,0.07843316770067402
2020-04-01,13.40999984741211,13.5600004196167,12.6899995803833,12.779999732971191,12.67524528503418,14039600,-0.630000114440918,-4.697987484037867
2020-03-31,14.069999694824219,14.890000343322754,13.859999656677246,14.010000228881836,13.895164489746094,16262900,-0.05999946594238281,-0.4264354459400179
2020-03-30,12.970000267028809,14.210000038146973,12.270000457763672,14.09000015258789,13.974508285522461,15460100,1.119999885559082,8.635311198923002
2020-03-27,13.579999923706055,13.579999923706055,12.270000457763672,12.789999961853027,12.685164451599121,15405700,-0.7899999618530273,-5.817378249568002
2020-03-26,14.850000381469727,14.850000381469727,13.270000457763672,13.989999771118164,13.875328063964844,23227100,-0.8600006103515625,-5.791249752590558
2020-03-25,15.170000076293945,16.190000534057617,14.180000305175781,14.739999771118164,14.619180679321289,19993600,-0.43000030517578125,-2.8345438563823064
2020-03-24,12.0,14.829999923706055,11.850000381469727,14.75,14.629098892211914,24294700,2.75,22.916666666666664
2020-03-23,11.899999618530273,11.989999771118164,10.8100004196167,11.279999732971191,11.187541007995605,21613200,-0.619999885559082,-5.2100832389409435
2020-03-20,12.850000381469727,13.3100004196167,11.770000457763672,11.970000267028809,11.871885299682617,18495100,-0.880000114440918,-6.848249714528548
2020-03-19,12.149999618530273,13.220000267028809,11.300000190734863,12.619999885559082,12.516557693481445,14490700,0.4700002670288086,3.8683150764218888
2020-03-18,12.050000190734863,12.260000228881836,10.100000381469727,12.210000038146973,12.109918594360352,19626400,0.15999984741210938,1.3277995425687363
2020-03-17,14.449999809265137,14.449999809265137,12.210000038146973,12.739999771118164,12.635573387145996,21756300,-1.7100000381469727,-11.833910454798378
2020-03-16,15.5,15.729999542236328,13.600000381469727,13.609999656677246,13.498442649841309,18695600,-1.890000343322754,-12.193550602082283
2020-03-13,17.34000015258789,17.93000030517578,15.59000015258789,16.399999618530273,16.265573501586914,17399900,-0.9400005340576172,-5.420994958395821
2020-03-12,18.18000030517578,18.299999237060547,16.110000610351562,16.139999389648438,15.769671440124512,21431500,-2.0400009155273438,-11.221126959753477
2020-03-11,19.809999465942383,20.290000915527344,19.280000686645508,19.799999237060547,19.345693588256836,15620200,-0.010000228881835938,-0.05048071252615865
2020-03-10,20.049999237060547,20.56999969482422,19.149999618530273,20.530000686645508,20.05894660949707,14906800,0.48000144958496094,2.3940222835406555
2020-03-09,20.0,20.200000762939453,19.1200008392334,19.170000076293945,18.73015022277832,14525100,-0.8299999237060547,-4.149999618530273
2020-03-06,20.989999771118164,22.09000015258789,20.6200008392334,21.56999969482422,21.075082778930664,14435200,0.5799999237060547,2.7632202478826295
2020-03-05,22.850000381469727,22.860000610351562,21.25,21.479999542236328,20.98714828491211,20784500,-1.3700008392333984,-5.995627205084883
2020-03-04,23.43000030517578,23.489999771118164,22.5,23.100000381469727,22.569976806640625,17083100,-0.3299999237060547,-1.408450360255251
2020-03-03,24.219999313354492,24.540000915527344,22.709999084472656,23.079999923706055,22.55043601989746,20205100,-1.1399993896484375,-4.706851453211485
2020-03-02,24.75,24.799999237060547,23.270000457763672,24.309999465942383,23.752214431762695,18892200,-0.4400005340576172,-1.7777799355863322
2020-02-28,23.729999542236328,25.31999969482422,23.389999389648438,24.610000610351562,24.045331954956055,22720200,0.8800010681152344,3.7083905819254075
2020-02-27,23.959999084472656,25.110000610351562,23.06999969482422,23.889999389648438,23.34185028076172,21560500,-0.06999969482421875,-0.29215232679028874
2020-02-26,25.670000076293945,26.100000381469727,24.40999984741211,24.440000534057617,23.879230499267578,18715900,-1.2299995422363281,-4.791583710871211
2020-02-25,27.1200008392334,27.3799991607666,25.149999618530273,25.360000610351562,24.77812385559082,25053800,-1.760000228881836,-6.4896761593595365
2020-02-24,27.5,27.510000228881836,26.350000381469727,26.93000030517578,26.31209945678711,17546900,-0.5699996948242188,-2.072726162997159
2020-02-21,28.93000030517578,29.350000381469727,28.170000076293945,28.260000228881836,27.611581802368164,17502200,-0.6700000762939453,-2.3159352548436636
2020-02-20,32.2400016784668,32.29999923706055,29.079999923706055,29.290000915527344,28.617950439453125,44416400,-2.950000762939453,-9.150125959545989
2020-02-19,35.209999084472656,35.970001220703125,35.029998779296875,35.66999816894531,34.8515625,10675500,0.45999908447265625,1.3064444658719472
2020-02-18,35.02000045776367,35.70000076293945,34.970001220703125,35.099998474121094,34.294639587402344,6057700,0.07999801635742188,0.2284352236200126
2020-02-14,35.220001220703125,35.279998779296875,34.369998931884766,34.97999954223633,34.177391052246094,4349000,-0.24000167846679688,-0.6814357471564152
2020-02-13,35.0099983215332,35.4900016784668,34.81999969482422,34.97999954223633,34.177391052246094,3742500,-0.029998779296875,-0.08568632029446283
2020-02-12,35.15999984741211,35.58000183105469,34.900001525878906,35.290000915527344,34.480281829833984,5321600,0.13000106811523438,0.3697413784966295
2020-02-11,34.5,35.06999969482422,33.970001220703125,34.970001220703125,34.167625427246094,6381600,0.470001220703125,1.3623223788496377
2020-02-10,34.5,34.619998931884766,33.959999084472656,34.209999084472656,33.4250602722168,7112300,-0.29000091552734375,-0.8405823638473732
2020-02-07,35.150001525878906,35.2599983215332,34.400001525878906,34.709999084472656,33.91358947753906,6558200,-0.44000244140625,-1.251784985221983
2020-02-06,34.63999938964844,34.72999954223633,34.220001220703125,34.599998474121094,33.806114196777344,6101800,-0.04000091552734375,-0.11547608612053652
2020-02-05,33.86000061035156,34.68000030517578,33.810001373291016,34.34000015258789,33.55207824707031,7413600,0.4799995422363281,1.4176005126520415
2020-02-04,33.5,33.849998474121094,33.040000915527344,33.56999969482422,32.799747467041016,8788700,0.06999969482421875,0.2089543129081157
2020-02-03,33.72999954223633,33.869998931884766,32.599998474121094,33.08000183105469,32.32099151611328,11675200,-0.6499977111816406,-1.927061132531949
2020-01-31,34.15999984741211,34.689998626708984,33.58000183105469,34.130001068115234,33.346900939941406,8386800,-0.029998779296875,-0.08781844095689492
2020-01-30,34.290000915527344,34.560001373291016,33.4900016784668,34.189998626708984,33.405521392822266,12968200,-0.10000228881835938,-0.29163687998933796
2020-01-29,35.25,35.61000061035156,34.61000061035156,34.689998626708984,33.894046783447266,6885500,-0.5600013732910156,-1.588656378130541
2020-01-28,35.400001525878906,35.7599983215332,35.15999984741211,35.36000061035156,34.548675537109375,6365300,-0.04000091552734375,-0.11299693164730906
2020-01-27,35.369998931884766,35.630001068115234,34.790000915527344,35.130001068115234,34.32395553588867,7931100,-0.23999786376953125,-0.6785351173793277
2020-01-24,37.0,37.06999969482422,35.400001525878906,35.790000915527344,34.96881103515625,10789700,-1.2099990844726562,-3.2702677958720434
2020-01-23,38.20000076293945,38.27000045776367,36.959999084472656,36.9900016784668,36.14127731323242,9293600,-1.2099990844726562,-3.1675368070844723
2020-01-22,39.0,39.060001373291016,38.31999969482422,38.45000076293945,37.56777572631836,4931000,-0.5499992370605469,-1.4102544540014024
2020-01-21,39.5,39.619998931884766,38.65999984741211,38.72999954223633,37.84135437011719,9534200,-0.7700004577636719,-1.9493682475029668
2020-01-17,40.0099983215332,40.11000061035156,39.31999969482422,39.4900016784668,38.58391571044922,6566500,-0.5199966430664062,-1.2996667455158235
2020-01-16,39.880001068115234,40.11000061035156,39.45000076293945,40.040000915527344,39.12129592895508,6918500,0.15999984741210938,0.4012032174693999
2020-01-15,40.220001220703125,40.43000030517578,39.58000183105469,39.689998626708984,38.77932357788086,6239500,-0.5300025939941406,-1.317758771527146
2020-01-14,40.599998474121094,40.83000183105469,40.2400016784668,40.33000183105469,39.40464401245117,5479300,-0.26999664306640625,-0.6650163872259878
2020-01-13,40.400001525878906,41.04999923706055,40.060001373291016,40.79999923706055,39.86385726928711,5809600,0.3999977111816406,0.9900933071139003
2020-01-10,40.900001525878906,41.0,40.130001068115234,40.310001373291016,39.385101318359375,4688100,-0.5900001525878906,-1.4425431065438377
2020-01-09,42.22999954223633,42.2400016784668,40.56999969482422,40.810001373291016,39.87363052368164,7749200,-1.4199981689453125,-3.3625341802930913
2020-01-08,42.20000076293945,42.369998931884766,41.43000030517578,41.869998931884766,40.909305572509766,8139300,-0.3300018310546875,-0.781994846181375
2020-01-07,41.880001068115234,42.18000030517578,41.56999969482422,42.130001068115234,41.1633415222168,5104000,0.25,0.5969436332950193
2020-01-06,41.4900016784668,42.06999969482422,41.41999816894531,42.060001373291016,41.094947814941406,5700000,0.5699996948242188,1.3738242269583882
2020-01-03,41.72999954223633,41.7599983215332,41.06999969482422,41.45000076293945,40.49894332885742,4640100,-0.279998779296875,-0.6709771923517011
2020-01-02,42.209999084472656,42.349998474121094,41.7599983215332,42.09000015258789,41.1242561340332,5738100,-0.11999893188476562,-0.28429029729334526
2019-12-31,41.470001220703125,42.09000015258789,41.220001220703125,41.970001220703125,41.00701141357422,3993000,0.5,1.205690825372786
2019-12-30,41.779998779296875,42.0099983215332,41.38999938964844,41.47999954223633,40.52825164794922,4462000,-0.2999992370605469,-0.7180451072899615
2019-12-27,42.54999923706055,42.81999969482422,41.619998931884766,41.7599983215332,40.80183029174805,4175900,-0.7900009155273438,-1.8566414328845915
2019-12-26,42.209999084472656,42.68000030517578,41.959999084472656,42.65999984741211,41.68117904663086,3522000,0.4500007629394531,1.0660999116320524
2019-12-24,42.18000030517578,42.709999084472656,41.75,42.02000045776367,41.05586242675781,2824200,-0.15999984741210938,-0.37932633061758486
2019-12-23,42.7400016784668,42.959999084472656,42.02000045776367,42.189998626708984,41.221961975097656,7123000,-0.5500030517578125,-1.2868578150639478
2019-12-20,43.040000915527344,43.040000915527344,41.81999969482422,42.38999938964844,41.41737365722656,11248200,-0.6500015258789062,-1.5102265614599655
2019-12-19,41.689998626708984,42.5,41.61000061035156,41.95000076293945,40.98747253417969,9771700,0.26000213623046875,0.6236559002040758
2019-12-18,40.7599983215332,41.59000015258789,40.70000076293945,41.150001525878906,40.20582580566406,9269700,0.3900032043457031,0.9568283130661154
2019-12-17,40.0,40.779998779296875,39.540000915527344,40.279998779296875,39.35578918457031,7746400,0.279998779296875,0.6999969482421875
2019-12-16,39.06999969482422,40.0099983215332,38.84000015258789,39.75,38.837947845458984,8031300,0.6800003051757812,1.7404666252553462
2019-12-13,38.189998626708984,38.7400016784668,37.75,38.63999938964844,37.753414154052734,5853100,0.4500007629394531,1.178320971775934
2019-12-12,37.2599983215332,38.2400016784668,36.90999984741211,37.779998779296875,36.913150787353516,7019500,0.5200004577636719,1.3955997884818865
2019-12-11,37.650001525878906,38.279998779296875,37.0,37.290000915527344,36.43439483642578,6673400,-0.3600006103515625,-0.9561768811725397
2019-12-10,38.56999969482422,40.11000061035156,37.560001373291016,37.619998931884766,36.75681686401367,8591900,-0.9500007629394531,-2.46305618474489
2019-12-09,40.2400016784668,40.310001373291016,38.599998474121094,38.63999938964844,37.753414154052734,10083200,-1.6000022888183594,-3.9761486632207363
2019-12-06,41.27000045776367,41.31999969482422,39.349998474121094,39.720001220703125,38.80863952636719,10050000,-1.5499992370605469,-3.755752895246122
2019-12-05,41.0,41.2400016784668,40.15999984741211,40.86000061035156,39.922481536865234,5486100,-0.1399993896484375,-0.3414619259717988
